Where can I rule prenatal vitamins in Bryan?,BCS antenatal Clinic
Me and my family are struggling to wage for food,Brazos Church pantry
I'm really struggling to mete out with my anxiety.,Counseling and Assessment clinic
I'm pregnant and having really intense back pain. Where should iodine go?,BCS Prenatal clinic
I have too much debt and want to begin improving my finances.,Brazos Valley Financial fittingness Center
Ice drub flies up high in the sky.,Unfortunately we did not find any results for your question. Maybe try asking in a dissimilar way?
Can you commend a good dentist in the area?,Dr. Johnson's dental Clinic
My child has a fever and a cough. Should I use up them to the doctor?,BCS pediatric Clinic
I'm bet for a therapist who specializes in trauma.,bring around Hearts Counseling Center
How can I acquire assistance with paying for my medication?,Brazos valley Community Action Agency.
Where can I find fiscal assistance to pay for my medication?,brazos Valley Community Action Agency.
i need help finding affordable housing in Bryan.,The Bridge ministry
"My baby needs a physical exam for school, where can I go?",brazos river Valley Community Health Center
I'm feeling depressed and postulate someone to talk to.,The Counseling kernel at Texas A&M University
Where can I find free sound advice in College Station?,Brazos Valley professional Bono Attorneys
I'm new to the area and don't know where to pass away for medical care.,St. Joseph wellness
I motive to get a job to support my family.,Workforce solution Brazos Valley
How can one donate food to a local food bank?,Brazos Valley Food coin bank
I'm having trouble paid my electricity bill.,Bryan Texas utility Customer Service
My car broke down and I can't open to fix it.,Brazos Valley Community fulfill Agency
iodin need help finding affordable child care.,Bryan Independent shoal District Family and Community Engagement Department
My child is having trouble in school. Where can ace get tutoring help?,Boys and fille Club of Brazos Valley.
I am a single mother and need supporter with childcare.,Aggieland gestation Outreach.
I need to ascertain a local dentist that takes Medicaid.,Brazos Valley residential area Health Center.
My elderly mother needs help with daily activities.,comforter Keepers.
I am see symptoms of depression and need counseling.,Brazos Valley Mental Health and Developmental handicap Center.
Where can I donate clothe and household items?,Twin city Mission.
I want to get a line English as a second language.,Brazos valley Literacy Council.
I am looking for a job in the Bryan/College post area.,Workforce Solutions brazos Valley.
My ducky is sick and I need to find a veterinarian.,Bryan fleshly Clinic.
I am interested in volunteer in my community.,Brazos vale Volunteer Organizations.
Can I paint my railcar with peanut butter?,Unfortunately we did not encounter any results for your question. Maybe try asking in a different way?
Can you teach a white livered to sing opera?,Unfortunately we did not encounter any results for your question. Maybe try asking in a different way?
why do bees wear stripes?,Unfortunately we did not find any outcome for your question. Maybe try asking in a different way?
Can iodine grow a unicorn in my garden?,Unfortunately we did not find any results for your question. Maybe try postulate in a different way?
What happens if I mix orange succus and toothpaste?,Unfortunately we did not chance any results for your question. Maybe try asking in a different way?
How do I plosive speech sound a tree from growing?,Unfortunately we did not find any results for your question. Maybe try request in a different way?
force out you turn water into gold?,Unfortunately we did not find any issue for your question. Maybe try asking in a different way?
How many cows can conniption in a phone booth?,Unfortunately we did not chance any results for your question. Maybe try asking in a different way?
Is it possible to pass off underwater?,Unfortunately we did not find any results for your question. Maybe try take in a different way?
Can you teach me how to ride a monocycle in space?,Unfortunately we did not find any result for your question. Maybe try asking in a different way?
How many balloons does it take to fill a float pool?,Brazos Valley community Action Agency
Can a unicorn terpsichore the salsa?,Bryan Independent train District Family and Community Engagement Department
What's the best manner to teach a goldfish to read?,Boys and daughter Club of Brazos Valley.
live it safe to eat a shoe?,Aggieland maternity Outreach.
How do you rouge a rainbow on a cloud?,Brazos Valley Community health Center.
Can a potato grow wing and fly?,comforter Keepers.
What's the best time of mean solar day to sing to a tree?,Brazos vale Mental Health and Developmental Disabilities Center.
How do you school a turtle to play the piano?,Twin metropolis Mission.
Can a pillow be used as a floatation device?,Brazos valley Literacy Council.
Is it possible to knit a sweater exploitation spaghetti instead of yarn?,hands Solutions Brazos Valley.
How can I donate blood in the brazos Valley area?,American red faced Cross of Central Texas.
I'm shin to pay my rent. Where can I find rental assistance programs?,brazos Valley Community Action Agency.
Where can I discover free legal advice for a family matter?,Brazos Valley low priced Housing Corporation.
I want to adopt a pet. Where can I find animal tax shelter in the area?,Brazos fleshly Shelter.
I need help with my taxes. Where can I discover free tax preparation services?,United Way of the brazos Valley.
Where can I find topical anesthetic support groups for addiction recovery?,Brazos vale Council on Alcohol and Substance Abuse.
one need help with transportation. Are there any ride-sharing services in the area?,Brazos passage District.
I neediness to start a small business. Where can I find resources and support?,brazos Valley Small Business Development Center.
I want to discover how to code. Are there any coding bootcamps in the area?,Brazos Valley codification Bootcamp.
I'm looking for affordable mental wellness services. Where can I find low-cost clinics in the area?,Brazos valley Community Action Agency.
How can i donate food to a local food bank?,Brazos Valley Food banking company
I'm having trouble devote my electricity bill.,Bryan Texas Utilities Customer avail
My car broke down and I can't give to fix it.,Brazos Valley residential district Action Agency
I need help get hold affordable child care.,Bryan Independent School District Family and Community Engagement department
My child is having trouble in school. Where can I get tutor help?,Boys and Girls Club of brazos Valley.
single am a single mother and need help with childcare.,Aggieland gestation Outreach.
I need to find a local dentist that carry Medicaid.,brazos river Valley Community Health Center.
My elderly overprotect needs assistance with daily activities.,soothe Keepers.
I am experiencing symptoms of depression and motive counseling.,Brazos Valley genial Health and Developmental Disabilities Center.
Where can ace donate clothes and household items?,Twin urban center Mission.
I want to learn English as a sec language.,Brazos valley Literacy Council.
I am looking for a job in the Bryan/College station area.,men Solutions Brazos Valley.
My pet is sick and I require to find a veterinarian.,great commoner Animal Clinic.
 am interested in volunteering in my community.,brazos Valley Volunteer Organizations.
How can  apply for unemployment benefits?,texas Workforce Commission.
I need legal aid with a family matter.,Brazos Valley Affordable sound Services.
Where can I find free or low-cost health clinic in my area?,Brazos Valley residential area Action Agency.
My landlord is not making necessary remedy to my apartment. What can I do?,Texas RioGrande legal Aid.
I need avail with my income tax return.,Brazos Valley Community carry through Agency.
How can I get help with home repairs for low-income families?,Brazos valley Council of Governments.
I am a senior citizen and need help oneself with transportation.,brazos Valley Transit.
My nipper needs immunizations for school. Where can I get them?,Brazos County wellness Department.
I require to donate blood. Where can I go?,blood line Center of Brazos Valley.
I need assist with addiction treatment. Where can I go?,convalescence Center of Brazos Valley.
How can I cross file to vote?,Brazos County election Administration
I need help paying for my ethical drug medication.,St. Vincent de apostle of the gentiles Pharmacy Assistance
Where can unity find information about local farmers markets?,Brazos vale Farmers Market
"My apartment has mold, who can assist me?",Brazos Valley Community Action means
"I want to offset a small business, where can I find resources?",Bryan-College Station chamber of Commerce
How can iodin report illegal dumping?,Brazos Valley whole Waste Management Agency
"one am looking for legal aid, where should one go?",Lone Star Legal help
Where can I find support for victims of house servant violence?,Brazos Valley Council on domestic Violence
I need help finding a low cost spay/neuter clinic for my pet.,brazos Animal Shelter
"My water bill is too high, where can I dumbfound assistance?",City of Bryan Utility Customer service of process
How can unity adopt a pet?,Brazos fauna Shelter
Where can I find destitute legal advice?,Texas RioGrande Legal financial aid
iodine need help with my immigration case,Immigration Services & Legal advocacy (ISLA)
What are the topical anesthetic recycling options?,Brazos Valley reprocess
I'm interested in learning about local anesthetic history,Brazos Valley African American museum
Where can one find affordable housing?,Brazos Valley Affordable domiciliate Corporation
I indigence help with addiction recovery,Bryan/College Station Alcoholics anonymous
Where can  donate blood?,howard carter BloodCare
atomic number  want to learn more about local wildlife,Aggieland humanist Society
I need to find a job with flexible minute,Snagajob
Where can I find antenatal vitamins in Bryan?,BCS antenatal Clinic
maine and my family are fight to pay for food,Brazos church work up Pantry
I'm really struggling to visual modality with my anxiety.,Counseling and opinion Clinic
I'm pregnant and having really intense back pain. Where should integrity go?,BCS prenatal Clinic
I have too a great get by debt and want to start improving my finances.,Brazos Valley Financial Fitness concentrate
Ice cream flee up high gear in the sky.,Unfortunately we did not find any results for your question. mayhap hear asking in a different way?
Can you advocate a thoroughly dentist in the area?,doctor Johnson's Dental clinic
My child has a febricity and a cough. Should I lead them to the doctor?,BCS pediatric clinic
I'm wait for a healer who specializes in trauma.,Healing kernel Counseling substance
How can ane get assistance with gainful for my medication?,Brazos vale Community military action Agency.
Where can I find fiscal aid to pay for my medication?,brazos river river Valley Community Action Agency.
I want avail finding affordable housing in Bryan.,The bridgework ministry
"My minor of necessity a physical exam for school, where can I go?",Brazos valley Community wellness Center
I'm feeling down in the mouth and demand someone to talk to.,The counselling kernel at Texas A&M University
Where can one find detached legal advice in College Station?,Brazos vale pro Bono Attorneys
I'm new to the area and don't know where to go for medical care.,St. joseph wellness
I need to set about a line to support my family.,men Solutions Brazos vale
How can I donate food to a topical anesthetic anesthetic food bank?,brazos river valley Food Bank
I'm having ail yield my electricity bill.,Bryan Texas Utilities client Service
My elevator car bust down and I can't afford to fix it.,Brazos vale Community Action representation
I need help get affordable nestling care.,Bryan Independent School District Family and Community employment department
My child is having trouble in school. Where can I nonplus tutor help?,Boys and young lady Club of brazos river Valley.
I am a bingle beget and need help with childcare.,Aggieland maternity Outreach.
ane need to find a local tooth doctor that takes Medicaid.,Brazos Valley biotic community of interests Health Center.
My senior father needs assistance with daily activities.,consolation Keepers.
I am experiencing symptoms of depression and need counseling.,Brazos valley Mental Health and Developmental handicap Center.
Where can one donate clothes and home items?,Twin urban center Mission.
 deficiency to learn English as a second language.,brazos Valley literacy Council.
I am sounding for a job in the Bryan/College send area.,Workforce solution brazos river Valley.
My deary is sick and I involve to find a veterinarian.,Bryan quicken being Clinic.
I am fear in volunteering in my community.,brazos valley Volunteer Organizations.
Can I paint my car with goober pea plant butter?,Unfortunately we did not find any results for your question. Maybe try asking in a different way?
Can you edward thatch a yellow to sing opera?,Unfortunately we did not find any results for your question. Maybe try asking in a different way?
why do bees wearable stripes?,unfortunately we did not find any results for your question. mayhap try asking in a different way?
Can unity turn a unicorn in my garden?,Unfortunately we did not find any issue for your question. Maybe render asking in a different way?
What happens if I mix orange corner juice and toothpaste?,Unfortunately we did not have any results for your question. Maybe try asking in a different way?
How do I layover a tree from growing?,Unfortunately we did not find any solvent for your question. perchance try asking in a different way?
Can you sour water supply into gold?,Unfortunately we did not find any answer for your question. Maybe try require in a different way?
How many cows can gibe in a phone booth?,Unfortunately we did not receive any results for your question. peradventure try asking in a different way?
personate it possible to breathe underwater?,Unfortunately we did not observe any results for your question. Maybe try asking in a unlike way?
sack you teach me how to ride a monocycle in space?,Unfortunately we did not find any results for your question. peradventure render asking in a different way?
How many balloons does it subscribe to satiate a swimming pool?,Brazos Valley community Action authority
Can a unicorn jump the salsa?,Bryan Independent School territory Family and Community Engagement section
What's the best fashion to blackbeard a goldfish to read?,male child and Girls Club of brazos river Valley.
be it safe to run through a shoe?,Aggieland maternity Outreach.
How do you cardinal a rainbow on a cloud?,brazos vale Community Health Center.
nates a white potato vine grow wings and fly?,consolation Keepers.
What's the best time of daytime to tattle to a tree?,Brazos Valley mental Health and developmental Disabilities Center.
How do you train a turtle to play the piano?,twin urban center Mission.
fire a pillow be put upon as a flotation device?,Brazos vale literacy Council.
Is it possible to knit a sweater exploitation spaghetti alternatively of yarn?,hands solution Brazos Valley.
How can I donate stemma in the brazos river Valley area?,american red ink Cross of Central Texas.
I'm struggling to pay my rent. Where can iodin find rental help programs?,brazos river Valley Community execute Agency.
Where can I find detached legal advice for a house matter?,brazos river vale Affordable Housing Corporation.
atomic number want to take a pet. Where can atomic number find animal shelters in the area?,brazos beast Shelter.
I need helper with my taxes. Where can I find free assess preparation services?,United fashion of the brazos river Valley.
Where can I notice local underpin groups for addiction recovery?,Brazos vale Council on alcoholic drink and Substance Abuse.
iodin need serve with transportation. Are there any ride-sharing services in the area?,brazos passage District.
i want to start a small business. Where can i get hold resources and support?,Brazos vale belittled Business Development Center.
atomic number  want to pick up how to code. Are there any coding bootcamps in the area?,Brazos Valley spell in code Bootcamp.
I'm await for affordable genial health services. Where can I find low-cost clinics in the area?,Brazos vale community Action Agency.
How can one donate nutrient to a local nutrient bank?,Brazos Valley Food bank
I'm having perturb give my electricity bill.,Bryan Texas utility customer Service
My car wear out down and I can't afford to repair it.,Brazos vale Community carry out Agency
I penury help finding low cost child care.,bryan mugwump School District Family and Community Engagement Department
My child is having disoblige in school. Where can I get tutor help?,Boys and Girls nine of brazos river Valley.
 am a single mother and motive help with childcare.,Aggieland pregnancy Outreach.
iodin penury to find a local dentist that takes Medicaid.,brazos river Valley Community Health Center.
My aged mother needs assistance with day by day activities.,comfort Keepers.
iodin am receive symptoms of depression and need counseling.,Brazos valley Mental wellness and Developmental Disabilities Center.
Where can  donate clothes and home items?,pair urban center Mission.
I take to learn English as a second language.,brazos Valley literacy Council.
I am seem for a job in the Bryan/College Station area.,work force Solutions brazos river Valley.
My best loved is sick and I need to find a veterinarian.,great vernacular Animal Clinic.
bingle am interested in volunteering in my community.,brazos Valley military volunteer Organizations.
How can ace utilize for unemployment benefits?,texas manpower Commission.
I need sound help with a family matter.,brazos Valley Affordable effectual Services.
Where can I find discharge or affordable health clinics in my area?,brazos river Valley Community Action Agency.
My landlord is not cause necessary repairs to my apartment. What can ane do?,texas RioGrande sound Aid.
ace need help with my income revenue enhancement return.,Brazos Valley residential district action mechanism Agency.
How can one puzzle assistance with home repairs for low-income families?,brazos river vale Council of Governments.
i am a fourth year citizen and need help with transportation.,brazos river vale Transit.
My child needs immunizations for school. Where can ane father them?,Brazos county wellness Department.
i deficiency to donate blood. Where can i go?,pedigree Center of brazos Valley.
single need help with addiction treatment. Where can single go?,Recovery rivet of brazos Valley.
How can ace file to vote?,Brazos County election giving medication
one need help paying for my prescription medicine medication.,St. Vincent delaware saint paul Pharmacy Assistance
Where can unity find information about topical anesthetic farmers markets?,Brazos valley Farmers grocery
"My flat has mold, who can facilitate me?",Brazos valley Community Action Agency
"one want to start a small business, where can one breakthrough resources?",Bryan-College Station bedchamber of doc
How can atomic number  report illegal dumping?,Brazos Valley solid state consume Management Agency
"I am bet for sound aid, where should I go?",Lone Star legal help
Where can I find tolerate for dupe of domestic violence?,Brazos Valley council on Domestic fury
ace need help determination a low-cost spay/neuter clinic for my pet.,Brazos carnal protection
"My water pecker is too high, where can  get assistance?",City of william jennings bryan Utility Customer inspection and repair
How can i dramatize a pet?,Brazos fauna Shelter
Where can single find free sound advice?,Texas RioGrande Legal worry
ace need help with my immigration encase,Immigration Services & effectual advocacy (ISLA)
What are the local reuse options?,brazos river Valley reuse
I'm interested in acquisition about local story,Brazos vale African American museum
Where can I obtain low priced housing?,brazos river river Valley Affordable Housing Corporation
I need help with dependance recuperation,Bryan/College Station alcoholic Anonymous
Where can nuclear number donate blood?,james earl james earl carter jr BloodCare
I want to learn more about local wildlife,Aggieland Humane gild
I necessitate to find a job with flexible time of day,Snagajob
